<?xml version="1.0" encoding="UTF-8"?>
<GenRun Id="synth_1" LaunchPart="xc7a35tcpg236-1" LaunchTime="1596166725">
  <File Type="PA-TCL" Name="lab8_top.tcl"/>
  <File Type="RDS-PROPCONSTRS" Name="lab8_top_drc_synth.rpt"/>
  <File Type="REPORTS-TCL" Name="lab8_top_reports.tcl"/>
  <File Type="RDS-RDS" Name="lab8_top.vds"/>
  <File Type="RDS-UTIL" Name="lab8_top_utilization_synth.rpt"/>
  <File Type="RDS-UTIL-PB" Name="lab8_top_utilization_synth.pb"/>
  <File Type="RDS-DCP" Name="lab8_top.dcp"/>
  <File Type="VDS-TIMINGSUMMARY" Name="lab8_top_timing_summary_synth.rpt"/>
  <File Type="VDS-TIMING-PB" Name="lab8_top_timing_summary_synth.pb"/>
  <FileSet Name="sources" Type="DesignSrcs" RelSrcDir="$PSRCDIR/sources_1">
    <Filter Type="Srcs"/>
    <File Path="$PPRDIR/../LAb 4/LAb 4.srcs/sources_1/new/Anode_control.v">
      <FileInfo>
        <Attr Name="UsedIn" Val="synthesis"/>
        <Attr Name="UsedIn" Val="implementation"/>
        <Attr Name="UsedIn" Val="simulation"/>
      </FileInfo>
    </File>
    <File Path="$PPRDIR/../LAb 4/LAb 4.srcs/sources_1/new/BCD_cathodes.v">
      <FileInfo>
        <Attr Name="UsedIn" Val="synthesis"/>
        <Attr Name="UsedIn" Val="implementation"/>
        <Attr Name="UsedIn" Val="simulation"/>
      </FileInfo>
    </File>
    <File Path="$PPRDIR/../LAb 4/LAb 4.srcs/sources_1/new/BCD_control.v">
      <FileInfo>
        <Attr Name="UsedIn" Val="synthesis"/>
        <Attr Name="UsedIn" Val="implementation"/>
        <Attr Name="UsedIn" Val="simulation"/>
      </FileInfo>
    </File>
    <File Path="$PSRCDIR/sources_1/new/CORDIC.v">
      <FileInfo>
        <Attr Name="ImportPath" Val="$PPRDIR/../../../123456/WU_lab8-20200728T032028Z-001/WU_lab8/WU_lab8.srcs/sources_1/new/CORDIC.v"/>
        <Attr Name="ImportTime" Val="1595894912"/>
        <Attr Name="UsedIn" Val="synthesis"/>
        <Attr Name="UsedIn" Val="implementation"/>
        <Attr Name="UsedIn" Val="simulation"/>
      </FileInfo>
    </File>
    <File Path="$PPRDIR/../LAb 4/LAb 4.srcs/sources_1/new/LED.v">
      <FileInfo>
        <Attr Name="UsedIn" Val="synthesis"/>
        <Attr Name="UsedIn" Val="implementation"/>
        <Attr Name="UsedIn" Val="simulation"/>
      </FileInfo>
    </File>
    <File Path="$PSRCDIR/sources_1/new/ROM.v">
      <FileInfo>
        <Attr Name="ImportPath" Val="$PPRDIR/../../../123456/WU_lab8-20200728T032028Z-001/WU_lab8/WU_lab8.srcs/sources_1/new/ROM.v"/>
        <Attr Name="ImportTime" Val="1595838648"/>
        <Attr Name="UsedIn" Val="synthesis"/>
        <Attr Name="UsedIn" Val="implementation"/>
        <Attr Name="UsedIn" Val="simulation"/>
      </FileInfo>
    </File>
    <File Path="$PPRDIR/../Lab 7/Lab 7.srcs/sources_1/new/Timer.v">
      <FileInfo>
        <Attr Name="UsedIn" Val="synthesis"/>
        <Attr Name="UsedIn" Val="implementation"/>
        <Attr Name="UsedIn" Val="simulation"/>
      </FileInfo>
    </File>
    <File Path="$PPRDIR/../Lab 7/Lab 7.srcs/sources_1/new/clock_divider.v">
      <FileInfo>
        <Attr Name="UsedIn" Val="synthesis"/>
        <Attr Name="UsedIn" Val="implementation"/>
        <Attr Name="UsedIn" Val="simulation"/>
      </FileInfo>
    </File>
    <File Path="$PPRDIR/../Lab 7/Lab 7.srcs/sources_1/new/fresh_counter.v">
      <FileInfo>
        <Attr Name="UsedIn" Val="synthesis"/>
        <Attr Name="UsedIn" Val="implementation"/>
        <Attr Name="UsedIn" Val="simulation"/>
      </FileInfo>
    </File>
    <File Path="$PSRCDIR/sources_1/new/serial_add_sub.v">
      <FileInfo>
        <Attr Name="ImportPath" Val="$PPRDIR/../../../123456/WU_lab8-20200728T032028Z-001/WU_lab8/WU_lab8.srcs/sources_1/new/serial_add_sub.v"/>
        <Attr Name="ImportTime" Val="1595888994"/>
        <Attr Name="UsedIn" Val="synthesis"/>
        <Attr Name="UsedIn" Val="implementation"/>
        <Attr Name="UsedIn" Val="simulation"/>
      </FileInfo>
    </File>
    <File Path="$PSRCDIR/sources_1/new/lab8_top.v">
      <FileInfo>
        <Attr Name="ImportPath" Val="$PPRDIR/../../../123456/WU_lab8-20200728T032028Z-001/WU_lab8/WU_lab8.srcs/sources_1/new/lab8_top.v"/>
        <Attr Name="ImportTime" Val="1595847706"/>
        <Attr Name="UsedIn" Val="synthesis"/>
        <Attr Name="UsedIn" Val="implementation"/>
        <Attr Name="UsedIn" Val="simulation"/>
      </FileInfo>
    </File>
    <File Path="$PSRCDIR/sources_1/new/CORDIC_with_input.v">
      <FileInfo>
        <Attr Name="UserDisabled" Val="1"/>
        <Attr Name="ImportPath" Val="$PPRDIR/../../../123456/WU_lab8-20200728T032028Z-001/WU_lab8/WU_lab8.srcs/sources_1/new/CORDIC_with_input.v"/>
        <Attr Name="ImportTime" Val="1595887592"/>
        <Attr Name="UsedIn" Val="synthesis"/>
        <Attr Name="UsedIn" Val="implementation"/>
        <Attr Name="UsedIn" Val="simulation"/>
      </FileInfo>
    </File>
    <File Path="$PPRDIR/../Lab 7/Lab 7.srcs/sources_1/new/clock_divider_slow.v">
      <FileInfo>
        <Attr Name="UserDisabled" Val="1"/>
        <Attr Name="UsedIn" Val="synthesis"/>
        <Attr Name="UsedIn" Val="implementation"/>
        <Attr Name="UsedIn" Val="simulation"/>
      </FileInfo>
    </File>
    <File Path="$PPRDIR/../Lab 7/Lab 7.srcs/sources_1/new/Anode_control.v">
      <FileInfo>
        <Attr Name="UserDisabled" Val="1"/>
        <Attr Name="UsedIn" Val="synthesis"/>
        <Attr Name="UsedIn" Val="implementation"/>
        <Attr Name="UsedIn" Val="simulation"/>
      </FileInfo>
    </File>
    <File Path="$PPRDIR/../Lab 7/Lab 7.srcs/sources_1/new/BCD_anthodes.v">
      <FileInfo>
        <Attr Name="UserDisabled" Val="1"/>
        <Attr Name="UsedIn" Val="synthesis"/>
        <Attr Name="UsedIn" Val="implementation"/>
        <Attr Name="UsedIn" Val="simulation"/>
      </FileInfo>
    </File>
    <File Path="$PPRDIR/../Lab 7/Lab 7.srcs/sources_1/new/LED.v">
      <FileInfo>
        <Attr Name="UserDisabled" Val="1"/>
        <Attr Name="UsedIn" Val="synthesis"/>
        <Attr Name="UsedIn" Val="implementation"/>
        <Attr Name="UsedIn" Val="simulation"/>
      </FileInfo>
    </File>
    <Config>
      <Option Name="DesignMode" Val="RTL"/>
      <Option Name="TopModule" Val="lab8_top"/>
    </Config>
  </FileSet>
  <FileSet Name="constrs_in" Type="Constrs" RelSrcDir="$PSRCDIR/constrs_1">
    <Filter Type="Constrs"/>
    <File Path="$PSRCDIR/constrs_1/new/lab8_top.xdc">
      <FileInfo>
        <Attr Name="UsedIn" Val="synthesis"/>
        <Attr Name="UsedIn" Val="implementation"/>
      </FileInfo>
    </File>
    <Config>
      <Option Name="ConstrsType" Val="XDC"/>
    </Config>
  </FileSet>
  <Strategy Version="1" Minor="2">
    <StratHandle Name="Vivado Synthesis Defaults" Flow="Vivado Synthesis 2018"/>
    <Step Id="synth_design"/>
  </Strategy>
</GenRun>
